,_latitude,_longitude,238_frequency_buying_store,81_number_online_purchases_month,288_number_app_purchases_month,289_number_whatsapp_purchases_month,83_willingness_ultrafast_delivery,84_willingness_sameday_delivery,241_age_of_the_interviewee,_title,_server_updated_at,_updated_by,_geometry,282_payment_method_that_purchase,283_fulfill_needs,300_did_not_find,237_distance_household_interviewee,299_means_transportation_consumer,284_additional_products_store,301_electricity_bill,305_electricity_bill_store,302_water_bill,306_water_bill_store,303_gas_bill,307_gas_bill_store,286_topups,308_topups_in_store,287_wire_transfers,309_wiretransfers_in_store,320_other_services_in_store,304_additional_services_store,240_gender_interviewee,indicate_the_type_of_store,name_of_the_store,storefront_picture_just_once_if_possible
0,19.0598413203,-98.2349802856,1,1,0,0,0,0,35,"November 12, 2022",2022-11-12 22:43:08 UTC,Ulises Núñez Bautista,SRID=4326;POINT(-98.2349802856 19.0598413203),Efectivo,no,agua de coco,0 a 3 cuadras,A pie,No quiere otro producto,Tienda de conveniencia (e.g. OXXO),no,Sistema de agua,no,Proveedor de gas,no,No lo hago,no,Banco,no,no,No hay servicio adicional,Male,Cafeteria,Paleteria El Carmen,No hay foto
1,19.05847939,-98.2335660729,1,1,2,0,35,50,27,"November 12, 2022",2022-11-12 22:15:02 UTC,Salomon Abdala Perez,SRID=4326;POINT(-98.2335660729 19.05847939),Efectivo,yes,Se encontró todo,7 a 10 cuadras,A pie,No quiere otro producto,Tienda de conveniencia (e.g. OXXO),no,Sistema de agua,no,Proveedor de gas,no,Tienda de conveniencia (e.g. OXXO),no,Banco,no,no,No hay servicio adicional,Female,Grocery store (aka. nanostore),Gerardo Saénz,No hay foto
2,19.0620767997,-98.2303385023,1,0,0,0,40,25,42,"November 12, 2022",2022-11-12 22:15:02 UTC,Salomon Abdala Perez,SRID=4326;POINT(-98.2303385023 19.0620767997),Efectivo,yes,Se encontró todo,más de 10 cuadras,Automóvil,No quiere otro producto,CFE,yes,Tienda de conveniencia (e.g. OXXO),yes,Proveedor de gas,yes,"Supermercado,Tienda de conveniencia (e.g. OXXO)",yes,Banco,no,no,No hay servicio adicional,Female,Micro-restaurant (aka. fondita),Rozt,1 Photo
3,19.0555346049,-98.2329163449,1,2,3,0,0,0,27,"November 12, 2022",2022-11-12 20:41:38 UTC,Jorge Alberto Ostorga Flores,SRID=4326;POINT(-98.2329163449 19.0555346049),Tarjeta de débito y/o crédito,yes,Se encontró todo,4 a 6 cuadras,Motocicleta,No quiere otro producto,Supermercado,no,Supermercado,no,Proveedor de gas,no,No lo hago,no,Banco,no,no,No hay servicio adicional,Female,Cafeteria,Café Colibrí,1 Photo
4,19.0590117522,-98.2329944224,1,2,5,0,0,50,35,"November 12, 2022",2022-11-12 19:49:13 UTC,Jorge Alberto Ostorga Flores,SRID=4326;POINT(-98.2329944224 19.0590117522),Efectivo,yes,Se encontró todo,más de 10 cuadras,Transporte público,No quiere otro producto,CFE,no,Supermercado,no,Proveedor de gas,no,Supermercado,no,No lo hago,no,no,No hay servicio adicional,Female,Cafeteria,La fête,1 Photo
5,19.0486443867,-98.1972511858,1,0,0,0,120,70,66,"November 11, 2022",2022-11-12 00:08:22 UTC,Sergio Licea,SRID=4326;POINT(-98.1972511858 19.0486443867),Efectivo,yes,Se encontró todo,más de 10 cuadras,Transporte público,No quiere otro producto,CFE,yes,Banco,yes,Banco,yes,Tienda de conveniencia (e.g. OXXO),yes,No lo hago,no,no,No hay servicio adicional,Female,Grocery store (aka. nanostore),Dulcerías Candy,1 Photo
6,19.0476993375,-98.1953940913,1,1,7,2,200,100,30,"November 11, 2022",2022-11-11 23:38:10 UTC,Sergio Licea,SRID=4326;POINT(-98.1953940913 19.0476993375),Efectivo,yes,Se encontró todo,más de 10 cuadras,Automóvil,No quiere otro producto,Tienda de conveniencia (e.g. OXXO),no,Sistema de agua,no,Tienda de conveniencia (e.g. OXXO),no,"Supermercado,Tienda de conveniencia (e.g. OXXO)",yes,Tienda de conveniencia (e.g. OXXO),no,no,No hay servicio adicional,Female,Artículos del hogar,SUPER & ALMACENES AW,1 Photo
7,19.0644612,-98.3104972,1,1,0,0,80,80,38,"November 4, 2022",2022-11-11 23:12:50 UTC,Hiram Jiménez,SRID=4326;POINT(-98.3104972 19.0644612),Efectivo,yes,Se encontró todo,más de 10 cuadras,Transporte público,No quiere otro producto,Tienda de conveniencia (e.g. OXXO),yes,"No lo hago,Sistema de agua",yes,Proveedor de gas,yes,Tienda de conveniencia (e.g. OXXO),yes,No lo hago,yes,no,No hay servicio adicional,Female,Butcher shop,Carniceria la sorpresa ,1 Photo
8,19.060884,-98.3113835,3,0,0,0,100,100,18,"November 9, 2022",2022-11-11 22:08:26 UTC,José Varela,SRID=4326;POINT(-98.3113835 19.060884),Efectivo,yes,Se encontró todo,7 a 10 cuadras,A pie,No quiere otro producto,CFE,yes,Sistema de agua,yes,Proveedor de gas,yes,"Fonda,Tiendita",no,Banco,yes,yes,Ninguno,Male,Grocery store (aka. nanostore),Tienda Jaime,1 Photo
9,19.0183906637,-98.2154550929,2,1,4,0,8,8,20,"November 10, 2022",2022-11-11 17:23:45 UTC,Manuel Flores,SRID=4326;POINT(-98.2154550929 19.0183906637),Efectivo,yes,Se encontró todo,0 a 3 cuadras,A pie,No quiere otro producto,Tienda de conveniencia (e.g. OXXO),yes,No lo hago,yes,Tienda de conveniencia (e.g. OXXO),yes,"Tienda de conveniencia (e.g. OXXO),Tiendita",no,Tienda de conveniencia (e.g. OXXO),yes,no,No hay servicio adicional,Female,Grocery store (aka. nanostore),Frutas y snack bar,2 Photos
10,19.0183779545,-98.215541169,5,2,5,0,8,8,21,"November 10, 2022",2022-11-11 17:23:44 UTC,Manuel Flores,SRID=4326;POINT(-98.215541169 19.0183779545),Efectivo,yes,Se encontró todo,0 a 3 cuadras,Automóvil,No quiere otro producto,Tienda de conveniencia (e.g. OXXO),yes,Sistema de agua,yes,Proveedor de gas,yes,No lo hago,no,No lo hago,yes,yes,Papeleria,Male,Grocery store (aka. nanostore),Los 3 compadres,1 Photo
11,19.048506,-98.2007074,1,0,0,6,200,100,32,"November 10, 2022",2022-11-11 04:39:34 UTC,Sergio Licea,SRID=4326;POINT(-98.2007074 19.048506),Efectivo,yes,Se encontró todo,más de 10 cuadras,Transporte público,No quiere otro producto,CFE,yes,Sistema de agua,yes,Proveedor de gas,yes,Tienda de conveniencia (e.g. OXXO),yes,"Banco,Tienda de conveniencia (e.g. OXXO)",yes,yes,"Pago de luz, recargas telefónicas ",Female,Grocery store (aka. nanostore),Dulceria La Económica ,No hay foto
12,19.0345269,-98.2632802,2,1,0,0,20,0,40,"November 10, 2022",2022-11-10 20:29:12 UTC,Daniel Serrano,SRID=4326;POINT(-98.2632802 19.0345269),Efectivo,yes,Se encontró todo,0 a 3 cuadras,A pie,No quiere otro producto,"CFE,Tiendita",yes,"Sistema de agua,Tiendita",yes,Proveedor de gas,no,"Tienda de conveniencia (e.g. OXXO),Tiendita",yes,"Banco,Tienda de conveniencia (e.g. OXXO)",no,no,No hay servicio adicional,Male,Butcher shop,Pollería ,1 Photo
13,19.0344490665,-98.2632757723,2,2,0,0,15,15,30,"November 10, 2022",2022-11-10 20:25:37 UTC,Daniel Serrano,SRID=4326;POINT(-98.2632757723 19.0344490665),Efectivo,yes,Se encontró todo,4 a 6 cuadras,A pie,No quiere otro producto,CFE,no,Sistema de agua,no,Proveedor de gas,no,Tienda de conveniencia (e.g. OXXO),yes,Banco,no,no,No hay servicio adicional,Female,Butcher shop,Pollería ,1 Photo
14,19.0356886303,-98.2625455409,1,2,1,0,25,10,35,"November 10, 2022",2022-11-10 20:19:09 UTC,Daniel Serrano,SRID=4326;POINT(-98.2625455409 19.0356886303),Efectivo,yes,Se encontró todo,4 a 6 cuadras,A pie,No quiere otro producto,CFE,yes,Sistema de agua,yes,Proveedor de gas,no,"Tienda de conveniencia (e.g. OXXO),Tiendita",no,Banco,no,yes,Pago de servicios,Male,Grocery store (aka. nanostore),Urigama,1 Photo
15,19.035646794,-98.2625173777,3,1,0,0,25,30,14,"November 10, 2022",2022-11-10 20:06:53 UTC,Daniel Serrano,SRID=4326;POINT(-98.2625173777 19.035646794),Efectivo,yes,Se encontró todo,4 a 6 cuadras,A pie,No quiere otro producto,No lo hago,no,No lo hago,no,No lo hago,no,No lo hago,no,No lo hago,no,no,No hay servicio adicional,Male,Grocery store (aka. nanostore),Urigama,1 Photo
16,19.0357912,-98.2624756,1,2,0,0,50,20,25,"November 10, 2022",2022-11-10 20:01:37 UTC,Daniel Serrano,SRID=4326;POINT(-98.2624756 19.0357912),Efectivo,yes,Se encontró todo,7 a 10 cuadras,A pie,No quiere otro producto,CFE,no,Sistema de agua,no,Proveedor de gas,no,Tienda de conveniencia (e.g. OXXO),no,Banco,no,no,No hay servicio adicional,Male,Grocery store (aka. nanostore),Croquetería & accesorios para tu mascota,1 Photo
17,19.0361783046,-98.2623266056,2,0,0,0,15,15,54,"November 10, 2022",2022-11-10 19:56:19 UTC,Daniel Serrano,SRID=4326;POINT(-98.2623266056 19.0361783046),Efectivo,yes,Se encontró todo,0 a 3 cuadras,A pie,No quiere otro producto,"Supermercado,Tienda de conveniencia (e.g. OXXO),Tiendita",no,"Sistema de agua,Tienda de conveniencia (e.g. OXXO),Tiendita",no,"Proveedor de gas,Supermercado,Tienda de conveniencia (e.g. OXXO),Tiendita",no,"Tienda de conveniencia (e.g. OXXO),Tiendita",yes,Tienda de conveniencia (e.g. OXXO),no,no,No hay servicio adicional,Female,Dairy products,Don Beto ,1 Photo
18,19.0197941918,-98.2170814276,5,2,0,0,10,10,46,"November 10, 2022",2022-11-10 19:50:41 UTC,Manuel Flores,SRID=4326;POINT(-98.2170814276 19.0197941918),Efectivo,yes,Se encontró todo,0 a 3 cuadras,A pie,No quiere otro producto,Tienda de conveniencia (e.g. OXXO),no,Banco,no,"Banco,Tienda de conveniencia (e.g. OXXO)",no,Tienda de conveniencia (e.g. OXXO),yes,"Banco,Tienda de conveniencia (e.g. OXXO)",no,no,No hay servicio adicional,Male,Grocery store (aka. nanostore),La aztorga,2 Photos
19,19.0364229827,-98.2626327127,3,0,1,0,20,20,22,"November 10, 2022",2022-11-10 19:50:36 UTC,Daniel Serrano,SRID=4326;POINT(-98.2626327127 19.0364229827),Transferencia interbancaria,no,Pechugas,4 a 6 cuadras,A pie,Queso,"CFE,Tienda de conveniencia (e.g. OXXO)",yes,Sistema de agua,yes,Proveedor de gas,yes,No lo hago,no,Tienda de conveniencia (e.g. OXXO),no,yes,Pagos de servicios públicos y más variedad de quesos,Male,Produce (fruits & vegetables),Pollería Rosi ,1 Photo
20,19.0363551575,-98.2626444474,2,3,1,0,30,15,40,"November 10, 2022",2022-11-10 19:42:10 UTC,Daniel Serrano,SRID=4326;POINT(-98.2626444474 19.0363551575),Efectivo,yes,Se encontró todo,más de 10 cuadras,Automóvil,No quiere otro producto,CFE,no,Sistema de agua,no,Proveedor de gas,no,No lo hago,no,"No lo hago,transferencia ",no,no,No hay servicio adicional,Female,Produce (fruits & vegetables),Pollería Rosi ,1 Photo
21,19.0367483,-98.263451,1,2,1,0,40,20,19,"November 10, 2022",2022-11-10 19:33:38 UTC,Fernando Gonzálezinactivo,SRID=4326;POINT(-98.263451 19.0367483),Efectivo,yes,Se encontró todo,más de 10 cuadras,Automóvil,No quiere otro producto,Tienda de conveniencia (e.g. OXXO),yes,Internet,yes,Proveedor de gas,no,Tienda de conveniencia (e.g. OXXO),yes,No lo hago,no,yes,Pago de servicios,Male,Grocery store (aka. nanostore),Miscelanea Juquilita,1 Photo
22,19.0366637,-98.2635697,3,0,0,0,15,30,27,"November 10, 2022",2022-11-10 19:33:22 UTC,Daniel Serrano,SRID=4326;POINT(-98.2635697 19.0366637),Efectivo,yes,Se encontró todo,4 a 6 cuadras,A pie,No quiere otro producto,CFE,yes,Sistema de agua,yes,Proveedor de gas,yes,Tienda de conveniencia (e.g. OXXO),yes,"Supermercado,Tienda de conveniencia (e.g. OXXO),Tiendita",no,no,No hay servicio adicional,Female,Dairy products,Misc. Juquilita ,1 Photo
23,19.0345641171,-98.2641572133,2,2,5,0,150,150,18,"November 3, 2022",2022-11-10 00:58:39 UTC,Fernando Gonzálezinactivo,SRID=4326;POINT(-98.2641572133 19.0345641171),Efectivo,yes,Se encontró todo,más de 10 cuadras,Transporte público,No quiere otro producto,No lo hago,yes,No lo hago,yes,No lo hago,yes,No lo hago,yes,No lo hago,no,no,No hay servicio adicional,Male,Grocery store (aka. nanostore),Minisuper Rayitas,1 Photo
24,19.0351390524,-98.2666610554,1,1,0,0,100,150,18,"November 3, 2022",2022-11-10 00:58:39 UTC,Fernando Gonzálezinactivo,SRID=4326;POINT(-98.2666610554 19.0351390524),Efectivo,yes,Se encontró todo,más de 10 cuadras,Transporte público,No quiere otro producto,No lo hago,no,No lo hago,no,No lo hago,no,No lo hago,no,No lo hago,no,no,No hay servicio adicional,Male,Grocery store (aka. nanostore),La Universal,1 Photo
25,19.0352819935,-98.2671411708,1,1,0,0,100,100,15,"November 3, 2022",2022-11-10 00:58:38 UTC,Fernando Gonzálezinactivo,SRID=4326;POINT(-98.2671411708 19.0352819935),Tarjeta de débito y/o crédito,yes,Se encontró todo,más de 10 cuadras,Automóvil,No quiere otro producto,No lo hago,no,No lo hago,no,No lo hago,no,No lo hago,no,No lo hago,no,no,No hay servicio adicional,Male,Micro-restaurant (aka. fondita),Taquería Don Jorge,1 Photo
26,19.0315343616,-98.2488074989,1,0,0,0,50,30,75,"November 7, 2022",2022-11-10 00:01:22 UTC,Leoncio Mora Díaz,SRID=4326;POINT(-98.2488074989 19.0315343616),Tarjeta de débito y/o crédito,yes,Se encontró todo,0 a 3 cuadras,A pie,No quiere otro producto,CFE,no,Sistema de agua,no,Proveedor de gas,no,No lo hago,no,Banco,no,no,No hay servicio adicional,Male,Grocery store (aka. nanostore),Aren salón de belleza ,1 Photo
27,19.0258156295,-98.2492553477,5,8,2,0,39,0,35,"November 7, 2022",2022-11-10 00:01:22 UTC,Leoncio Mora Díaz,SRID=4326;POINT(-98.2492553477 19.0258156295),Transferencia interbancaria,yes,Se encontró todo,7 a 10 cuadras,Automóvil,No quiere otro producto,App,yes,App,yes,Automático ,yes,Plan ,yes,Banco,yes,no,No hay servicio adicional,Female,Micro-restaurant (aka. fondita),Con sabor a hogar ,1 Photo
28,19.0319169806,-98.2488052547,1,2,2,0,25,25,18,"November 7, 2022",2022-11-10 00:00:57 UTC,Pablo Jesús Pérez Franklin,SRID=4326;POINT(-98.2488052547 19.0319169806),Tarjeta de débito y/o crédito,yes,Se encontró todo,más de 10 cuadras,Automóvil,No quiere otro producto,Tienda de conveniencia (e.g. OXXO),yes,Sistema de agua,yes,Proveedor de gas,yes,Tienda de conveniencia (e.g. OXXO),yes,"Banco,Tienda de conveniencia (e.g. OXXO)",yes,no,No hay servicio adicional,Male,Grocery store (aka. nanostore),SIX,No hay foto
29,19.0313727784,-98.2489068434,1,1,1,2,15,60,20,"November 7, 2022",2022-11-10 00:00:56 UTC,Pablo Jesús Pérez Franklin,SRID=4326;POINT(-98.2489068434 19.0313727784),Efectivo,yes,Se encontró todo,más de 10 cuadras,Transporte público,No quiere otro producto,Tienda de conveniencia (e.g. OXXO),no,Sistema de agua,no,Proveedor de gas,no,Tienda de conveniencia (e.g. OXXO),no,"Banco,Tienda de conveniencia (e.g. OXXO)",no,yes,Pago con tarjeta,Male,Cafeteria,Tortas el primo ,1 Photo
30,19.0267601411,-98.2494191453,1,5,6,3,150,200,38,"November 7, 2022",2022-11-10 00:00:56 UTC,Pablo Jesús Pérez Franklin,SRID=4326;POINT(-98.2494191453 19.0267601411),Tarjeta de débito y/o crédito,yes,Se encontró todo,7 a 10 cuadras,Automóvil,No quiere otro producto,CFE,no,"Sistema de agua,Tienda de conveniencia (e.g. OXXO)",no,Proveedor de gas,no,Tienda de conveniencia (e.g. OXXO),no,"Banco,Tienda de conveniencia (e.g. OXXO)",no,no,No hay servicio adicional,Male,Cafeteria,DON MOY,1 Photo
31,19.0265566535,-98.2502124086,7,0,0,0,50,50,65,"November 7, 2022",2022-11-10 00:00:53 UTC,Pablo Jesús Pérez Franklin,SRID=4326;POINT(-98.2502124086 19.0265566535),Efectivo,yes,Se encontró todo,0 a 3 cuadras,A pie,No quiere otro producto,Tienda de conveniencia (e.g. OXXO),yes,Sistema de agua,yes,Proveedor de gas,no,Tienda de conveniencia (e.g. OXXO),yes,Banco,yes,no,No hay servicio adicional,Female,Grocery store (aka. nanostore),"FRUTAS, VERDURAS Y ABARROTES D’NYS",1 Photo
32,19.0256704332,-98.2492511719,4,1,0,0,50,100,42,"November 7, 2022",2022-11-10 00:00:52 UTC,Pablo Jesús Pérez Franklin,SRID=4326;POINT(-98.2492511719 19.0256704332),Efectivo,yes,Se encontró todo,7 a 10 cuadras,Automóvil,No quiere otro producto,"CFE,Celular (aplicación)",yes,Sistema de agua,yes,Proveedor de gas,no,Tienda de conveniencia (e.g. OXXO),yes,Tienda de conveniencia (e.g. OXXO),no,yes,Servicio de recarga ,Female,Produce (fruits & vegetables),ABARROTES FRUTAS Y VERDURAS “HERNÁNDEZ”,1 Photo
33,19.025403552,-98.2491542771,4,6,4,0,50,50,50,"November 7, 2022",2022-11-10 00:00:52 UTC,Pablo Jesús Pérez Franklin,SRID=4326;POINT(-98.2491542771 19.025403552),Efectivo,yes,Se encontró todo,más de 10 cuadras,Automóvil,No quiere otro producto,Aplicación ,yes,Sistema de agua,yes,Proveedor de gas,no,Tienda de conveniencia (e.g. OXXO),yes,No lo hago,no,yes,Alimentos como pollo,Male,Grocery store (aka. nanostore),Misceláneas San Juditas,1 Photo
34,19.01854,-98.217873,4,2,2,0,30,30,20,"November 4, 2022",2022-11-09 23:32:33 UTC,José Zapata,SRID=4326;POINT(-98.217873 19.01854),Efectivo,yes,Se encontró todo,0 a 3 cuadras,A pie,No quiere otro producto,CFE,yes,Sistema de agua,yes,Aplicación,yes,Tienda de conveniencia (e.g. OXXO),yes,Tienda de conveniencia (e.g. OXXO),yes,yes,Pagos,Male,Grocery store (aka. nanostore),Recaudattán,1 Photo
35,19.072236547,-98.166423887,7,0,0,0,0,0,67,"November 9, 2022",2022-11-09 23:19:13 UTC,Amaranta Hernández,SRID=4326;POINT(-98.166423887 19.072236547),Efectivo,yes,Se encontró todo,0 a 3 cuadras,A pie,No quiere otro producto,CFE,no,Sistema de agua,no,Proveedor de gas,no,"Farmacia ,Tienda de conveniencia (e.g. OXXO)",yes,No lo hago,no,no,No hay servicio adicional,Female,Grocery store (aka. nanostore),ILYA PAPELERÍA ,1 Photo
36,19.0723740694,-98.1656574458,5,3,1,0,0,0,33,"November 9, 2022",2022-11-09 23:19:12 UTC,Amaranta Hernández,SRID=4326;POINT(-98.1656574458 19.0723740694),Efectivo,yes,Se encontró todo,0 a 3 cuadras,A pie,No quiere otro producto,App,no,App,no,App,no,App,no,No lo hago,no,no,No hay servicio adicional,Female,Micro-restaurant (aka. fondita),Antojitos ,1 Photo
37,19.0697383098,-98.1666609272,2,2,1,0,0,0,21,"November 9, 2022",2022-11-09 23:19:12 UTC,Amaranta Hernández,SRID=4326;POINT(-98.1666609272 19.0697383098),Efectivo,yes,Se encontró todo,4 a 6 cuadras,A pie,No quiere otro producto,No lo hago,no,No lo hago,no,No lo hago,no,No lo hago,no,No lo hago,no,no,No hay servicio adicional,Female,Grocery store (aka. nanostore),El supercito ,1 Photo
38,19.0696236004,-98.1665194407,1,4,9,0,0,0,18,"November 9, 2022",2022-11-09 23:19:11 UTC,Amaranta Hernández,SRID=4326;POINT(-98.1665194407 19.0696236004),Efectivo,yes,Se encontró todo,más de 10 cuadras,Transporte público,No quiere otro producto,"CFE,En línea ",no,En línea ,no,"En línea ,Proveedor de gas",no,Tienda de conveniencia (e.g. OXXO),no,No lo hago,no,no,No hay servicio adicional,Female,Micro-restaurant (aka. fondita),Café Donatelli,1 Photo
39,19.0708933214,-98.1676251814,1,2,0,0,0,0,18,"November 9, 2022",2022-11-09 23:19:11 UTC,Amaranta Hernández,SRID=4326;POINT(-98.1676251814 19.0708933214),Efectivo,yes,Se encontró todo,más de 10 cuadras,Transporte público,No quiere otro producto,CFE,no,Sistema de agua,no,Proveedor de gas,no,No lo hago,no,No lo hago,no,no,No hay servicio adicional,Male,Micro-restaurant (aka. fondita),(No tiene nombre) ,1 Photo
40,19.071234278,-98.1671138853,2,2,5,6,200,200,20,"November 9, 2022",2022-11-09 23:19:10 UTC,Amaranta Hernández,SRID=4326;POINT(-98.1671138853 19.071234278),Efectivo,yes,Se encontró todo,más de 10 cuadras,Automóvil,No quiere otro producto,CFE,yes,Sistema de agua,yes,Proveedor de gas,yes,Banco,no,No lo hago,no,no,No hay servicio adicional,Male,Grocery store (aka. nanostore),El León,1 Photo
41,19.0712311093,-98.1671024859,1,0,0,0,50,50,19,"November 9, 2022",2022-11-09 23:19:10 UTC,Amaranta Hernández,SRID=4326;POINT(-98.1671024859 19.0712311093),Efectivo,yes,Se encontró todo,más de 10 cuadras,Transporte público,No quiere otro producto,CFE,yes,Sistema de agua,yes,Proveedor de gas,yes,Tienda de conveniencia (e.g. OXXO),yes,No lo hago,no,yes,Pago de servicios ,Female,Grocery store (aka. nanostore),El León ,1 Photo
42,19.0711623476,-98.1671789289,2,0,0,0,0,0,22,"November 9, 2022",2022-11-09 23:19:09 UTC,Amaranta Hernández,SRID=4326;POINT(-98.1671789289 19.0711623476),Efectivo,yes,Se encontró todo,más de 10 cuadras,Transporte público,No quiere otro producto,CFE,no,Sistema de agua,no,No lo hago,no,No lo hago,no,No lo hago,no,no,No hay servicio adicional,Male,Grocery store (aka. nanostore),La universitaria ,1 Photo
43,19.0711626645,-98.1671712175,1,4,2,0,10,10,22,"November 9, 2022",2022-11-09 23:19:09 UTC,Amaranta Hernández,SRID=4326;POINT(-98.1671712175 19.0711626645),Efectivo,yes,Se encontró todo,más de 10 cuadras,Transporte público,No quiere otro producto,En línea ,no,En línea ,no,Proveedor de gas,no,En línea ,yes,No lo hago,no,no,No hay servicio adicional,Male,Grocery store (aka. nanostore),La universitaria ,1 Photo
44,19.0711556933,-98.1671775877,3,2,3,0,0,0,19,"November 9, 2022",2022-11-09 23:19:08 UTC,Amaranta Hernández,SRID=4326;POINT(-98.1671775877 19.0711556933),Efectivo,yes,Se encontró todo,más de 10 cuadras,Transporte público,No quiere otro producto,Tienda de conveniencia (e.g. OXXO),no,No lo hago,no,Proveedor de gas,no,Tienda de conveniencia (e.g. OXXO),no,No lo hago,no,no,No hay servicio adicional,Female,Grocery store (aka. nanostore),La universitaria ,1 Photo
45,19.0708949058,-98.1676315516,2,3,10,0,50,50,22,"November 9, 2022",2022-11-09 23:19:08 UTC,Amaranta Hernández,SRID=4326;POINT(-98.1676315516 19.0708949058),Efectivo,yes,Se encontró todo,0 a 3 cuadras,A pie,No quiere otro producto,CFE,yes,Sistema de agua,yes,Proveedor de gas,yes,Banco,yes,Banco,yes,yes,Servicios ,Male,Micro-restaurant (aka. fondita),(No tiene nombre) ,1 Photo
46,19.0708980745,-98.1676261872,2,6,5,0,40,40,20,"November 9, 2022",2022-11-09 23:19:07 UTC,Amaranta Hernández,SRID=4326;POINT(-98.1676261872 19.0708980745),Efectivo,yes,Se encontró todo,7 a 10 cuadras,A pie,No quiere otro producto,Supermercado,yes,Sistema de agua,yes,Proveedor de gas,yes,Tienda de conveniencia (e.g. OXXO),yes,Tienda de conveniencia (e.g. OXXO),yes,yes,Pago de servicios ,Male,Micro-restaurant (aka. fondita),(No tiene nombre) ,1 Photo
47,19.0708936383,-98.1676328927,2,1,8,0,50,100,18,"November 9, 2022",2022-11-09 23:19:07 UTC,Amaranta Hernández,SRID=4326;POINT(-98.1676328927 19.0708936383),Efectivo,yes,Se encontró todo,7 a 10 cuadras,Automóvil,No quiere otro producto,CFE,no,Sistema de agua,no,Proveedor de gas,no,Banco,no,Banco,no,no,No hay servicio adicional,Male,Micro-restaurant (aka. fondita),(No tiene nombre),1 Photo
48,19.0706738863,-98.167602968,1,5,10,0,55,55,21,"November 9, 2022",2022-11-09 23:19:07 UTC,Amaranta Hernández,SRID=4326;POINT(-98.167602968 19.0706738863),Efectivo,yes,Se encontró todo,más de 10 cuadras,Automóvil,No quiere otro producto,CFE,no,Sistema de agua,no,Proveedor de gas,no,Tienda de conveniencia (e.g. OXXO),no,No lo hago,no,no,No hay servicio adicional,Male,Cafeteria,Sagrado juguito ,No hay foto
49,19.0711531583,-98.1671702117,1,0,1,1,5,5,22,"November 9, 2022",2022-11-09 23:19:06 UTC,Amaranta Hernández,SRID=4326;POINT(-98.1671702117 19.0711531583),Efectivo,yes,Se encontró todo,0 a 3 cuadras,Transporte público,No quiere otro producto,CFE,no,No lo hago,no,Proveedor de gas,no,No lo hago,no,No lo hago,no,no,No hay servicio adicional,Female,Grocery store (aka. nanostore),La universitaria ,1 Photo
50,19.0712510723,-98.1670967862,1,0,3,0,100,100,21,"November 9, 2022",2022-11-09 23:19:05 UTC,Amaranta Hernández,SRID=4326;POINT(-98.1670967862 19.0712510723),Efectivo,yes,Se encontró todo,más de 10 cuadras,Transporte público,No quiere otro producto,CFE,no,Sistema de agua,no,Proveedor de gas,no,Tienda de conveniencia (e.g. OXXO),no,No lo hago,no,no,No hay servicio adicional,Male,Produce (fruits & vegetables),Hermanos Gonzales ,1 Photo
51,19.0712311093,-98.1671105325,3,1,0,0,0,0,18,"November 9, 2022",2022-11-09 23:19:04 UTC,Amaranta Hernández,SRID=4326;POINT(-98.1671105325 19.0712311093),Efectivo,yes,Se encontró todo,más de 10 cuadras,Transporte público,No quiere otro producto,CFE,no,Sistema de agua,no,Proveedor de gas,no,Tienda de conveniencia (e.g. OXXO),no,No lo hago,no,no,No hay servicio adicional,Male,Grocery store (aka. nanostore),El León,1 Photo
52,19.0712238212,-98.1671112031,3,7,5,0,300,300,22,"November 9, 2022",2022-11-09 23:19:04 UTC,Amaranta Hernández,SRID=4326;POINT(-98.1671112031 19.0712238212),Efectivo,yes,Se encontró todo,más de 10 cuadras,Transporte público,No quiere otro producto,En línea ,no,En línea ,no,En línea ,no,En línea ,no,No lo hago,no,yes,Servicio a domicilio ,Male,Grocery store (aka. nanostore),El León,1 Photo
53,19.0712269899,-98.1671145558,2,2,1,0,50,50,24,"November 9, 2022",2022-11-09 23:19:03 UTC,Amaranta Hernández,SRID=4326;POINT(-98.1671145558 19.0712269899),Efectivo,yes,Se encontró todo,0 a 3 cuadras,A pie,No quiere otro producto,No lo hago,no,No lo hago,no,No lo hago,no,Tienda de conveniencia (e.g. OXXO),no,No lo hago,no,yes,Entrega a domicilio ,Male,Grocery store (aka. nanostore),Tontería y tienda “El León”,1 Photo
54,19.0713759206,-98.1672017276,1,3,0,0,0,0,22,"November 9, 2022",2022-11-09 23:19:03 UTC,Amaranta Hernández,SRID=4326;POINT(-98.1672017276 19.0713759206),Efectivo,yes,Se encontró todo,más de 10 cuadras,Transporte público,No quiere otro producto,Banco,no,Sistema de agua,no,Proveedor de gas,no,Tienda de conveniencia (e.g. OXXO),no,No lo hago,no,no,No hay servicio adicional,Male,Grocery store (aka. nanostore),Lonchería Karina,1 Photo
55,19.0716601559,-98.1669915095,1,0,0,0,30,30,20,"November 9, 2022",2022-11-09 23:19:02 UTC,Amaranta Hernández,SRID=4326;POINT(-98.1669915095 19.0716601559),Efectivo,yes,Se encontró todo,0 a 3 cuadras,A pie,No quiere otro producto,No lo hago,no,No lo hago,no,No lo hago,no,Tienda de conveniencia (e.g. OXXO),no,No lo hago,no,no,No hay servicio adicional,Female,Cafeteria,Jugueria Cristy ,1 Photo
56,19.0716028019,-98.167033419,1,0,0,0,0,0,21,"November 9, 2022",2022-11-09 23:19:01 UTC,Amaranta Hernández,SRID=4326;POINT(-98.167033419 19.0716028019),Efectivo,yes,Se encontró todo,más de 10 cuadras,Transporte público,No quiere otro producto,En línea ,no,En línea ,no,Proveedor de gas,no,Tienda de conveniencia (e.g. OXXO),no,Tienda de conveniencia (e.g. OXXO),no,no,No hay servicio adicional,Female,Micro-restaurant (aka. fondita),Antojitos las bilingües ,1 Photo
57,19.0716009007,-98.1670367718,1,0,0,0,0,0,45,"November 9, 2022",2022-11-09 23:19:00 UTC,Amaranta Hernández,SRID=4326;POINT(-98.1670367718 19.0716009007),Efectivo,yes,Se encontró todo,7 a 10 cuadras,Automóvil,No quiere otro producto,"CFE,Tienda de conveniencia (e.g. OXXO)",no,"Sistema de agua,Tienda de conveniencia (e.g. OXXO)",no,Tienda de conveniencia (e.g. OXXO),no,Tienda de conveniencia (e.g. OXXO),no,Tienda de conveniencia (e.g. OXXO),no,no,No hay servicio adicional,Male,Micro-restaurant (aka. fondita),Antojitos las Bilingües ,1 Photo
58,19.0722847115,-98.1655981019,6,0,0,0,80,0,64,"November 9, 2022",2022-11-09 23:12:54 UTC,Gianluca De la rosa,SRID=4326;POINT(-98.1655981019 19.0722847115),Efectivo,yes,Se encontró todo,0 a 3 cuadras,A pie,No quiere otro producto,"CFE,Supermercado",yes,"Sistema de agua,Supermercado",yes,"Proveedor de gas,Supermercado",yes,Fonda,yes,Banco,yes,yes,No hay servicio adicional,Female,Butcher shop,La Esmeralda ,1 Photo
59,19.0696102916,-98.1664822251,4,2,20,2,50,500,50,"November 9, 2022",2022-11-09 23:12:54 UTC,Gianluca De la rosa,SRID=4326;POINT(-98.1664822251 19.0696102916),Efectivo,yes,Se encontró todo,0 a 3 cuadras,A pie,No quiere otro producto,CFE,yes,Sistema de agua,yes,Proveedor de gas,yes,Fonda,yes,Banco,yes,yes,Pago de servicios ,Male,Micro-restaurant (aka. fondita),Donatelli Caffe D’Amici,1 Photo
60,19.0709443382,-98.1673499197,1,2,3,0,40,100,19,"November 9, 2022",2022-11-09 23:12:54 UTC,Gianluca De la rosa,SRID=4326;POINT(-98.1673499197 19.0709443382),Efectivo,yes,Se encontró todo,más de 10 cuadras,Transporte público,No quiere otro producto,Tienda de conveniencia (e.g. OXXO),yes,Tienda de conveniencia (e.g. OXXO),yes,Tienda de conveniencia (e.g. OXXO),yes,Tienda de conveniencia (e.g. OXXO),yes,Tienda de conveniencia (e.g. OXXO),yes,yes,Pago de servicios ,Male,Produce (fruits & vegetables),——,No hay foto
61,19.0708461071,-98.1674313918,1,30,60,0,30,200,18,"November 9, 2022",2022-11-09 23:12:53 UTC,Gianluca De la rosa,SRID=4326;POINT(-98.1674313918 19.0708461071),Efectivo,yes,Se encontró todo,más de 10 cuadras,Automóvil,No quiere otro producto,Tienda de conveniencia (e.g. OXXO),yes,Tienda de conveniencia (e.g. OXXO),yes,Tienda de conveniencia (e.g. OXXO),yes,Tienda de conveniencia (e.g. OXXO),yes,"Banco,Tienda de conveniencia (e.g. OXXO)",yes,yes,Pago de servicios ,Male,Micro-restaurant (aka. fondita),Maravillas ,1 Photo
62,19.0707038304,-98.1675685197,5,0,0,0,0,100,26,"November 9, 2022",2022-11-09 23:12:52 UTC,Gianluca De la rosa,SRID=4326;POINT(-98.1675685197 19.0707038304),Efectivo,yes,Se encontró todo,más de 10 cuadras,Transporte público,No quiere otro producto,Tienda de conveniencia (e.g. OXXO),no,Tienda de conveniencia (e.g. OXXO),no,Tienda de conveniencia (e.g. OXXO),no,Tienda de conveniencia (e.g. OXXO),no,Tienda de conveniencia (e.g. OXXO),no,no,No hay servicio adicional,Female,Grocery store (aka. nanostore),Super Tec,1 Photo
63,19.0708327664,-98.1676165165,3,3,1,2,30,30,18,"November 9, 2022",2022-11-09 23:12:52 UTC,Gianluca De la rosa,SRID=4326;POINT(-98.1676165165 19.0708327664),Efectivo,yes,Se encontró todo,más de 10 cuadras,Transporte público,No quiere otro producto,Tienda de conveniencia (e.g. OXXO),yes,Tienda de conveniencia (e.g. OXXO),yes,Tienda de conveniencia (e.g. OXXO),yes,Tienda de conveniencia (e.g. OXXO),yes,Tienda de conveniencia (e.g. OXXO),yes,yes,Pago de servicios ,Female,Micro-restaurant (aka. fondita),——,1 Photo
64,19.070659151,-98.1675953418,3,2,0,2,30,30,19,"November 9, 2022",2022-11-09 23:12:52 UTC,Gianluca De la rosa,SRID=4326;POINT(-98.1675953418 19.070659151),Efectivo,yes,Se encontró todo,más de 10 cuadras,Transporte público,No quiere otro producto,No lo hago,yes,No lo hago,yes,No lo hago,yes,No lo hago,yes,No lo hago,yes,no,No hay servicio adicional,Male,Cafeteria,Sagrado Juguito ,No hay foto
65,19.0711506233,-98.1671685353,1,10,6,5,100,100,18,"November 9, 2022",2022-11-09 23:12:51 UTC,Gianluca De la rosa,SRID=4326;POINT(-98.1671685353 19.0711506233),Efectivo,yes,Se encontró todo,más de 10 cuadras,Transporte público,No quiere otro producto,CFE,yes,Sistema de agua,yes,Proveedor de gas,yes,Tienda de conveniencia (e.g. OXXO),yes,Banco,yes,yes,Pago de servicios ,Male,Grocery store (aka. nanostore),La Universitaria ,1 Photo
66,19.0712542411,-98.1670884043,2,2,1,5,150,150,26,"November 9, 2022",2022-11-09 23:12:51 UTC,Gianluca De la rosa,SRID=4326;POINT(-98.1670884043 19.0712542411),Efectivo,yes,Se encontró todo,más de 10 cuadras,Transporte público,No quiere otro producto,CFE,yes,Sistema de agua,yes,Proveedor de gas,yes,Fonda,yes,Fonda,yes,yes,Pago de servicios ,Male,Produce (fruits & vegetables),Pollería y Recauderia “Hnos González” ,No hay foto
67,19.0712460024,-98.1670961156,3,5,3,0,80,100,18,"November 9, 2022",2022-11-09 23:12:50 UTC,Gianluca De la rosa,SRID=4326;POINT(-98.1670961156 19.0712460024),Tarjeta de débito y/o crédito,yes,Se encontró todo,más de 10 cuadras,Transporte público,No quiere otro producto,"Banco,Tienda de conveniencia (e.g. OXXO)",no,"Banco,Tienda de conveniencia (e.g. OXXO)",no,"Banco,Tienda de conveniencia (e.g. OXXO)",no,Tienda de conveniencia (e.g. OXXO),no,"Banco,Tienda de conveniencia (e.g. OXXO)",no,yes,Retiro de efectivo ,Male,Grocery store (aka. nanostore),El León,1 Photo
68,19.0712466361,-98.1670984626,4,2,2,0,250,150,23,"November 9, 2022",2022-11-09 23:12:50 UTC,Gianluca De la rosa,SRID=4326;POINT(-98.1670984626 19.0712466361),Efectivo,yes,Se encontró todo,más de 10 cuadras,Automóvil,No quiere otro producto,Supermercado,no,Supermercado,no,Supermercado,no,Supermercado,no,Supermercado,no,no,No hay servicio adicional,Female,Grocery store (aka. nanostore),El León,1 Photo
69,19.0712472699,-98.1670971215,5,1,0,0,100,20,22,"November 9, 2022",2022-11-09 23:12:49 UTC,Gianluca De la rosa,SRID=4326;POINT(-98.1670971215 19.0712472699),Efectivo,yes,Se encontró todo,más de 10 cuadras,Transporte público,No quiere otro producto,Tienda de conveniencia (e.g. OXXO),no,Tienda de conveniencia (e.g. OXXO),no,Tienda de conveniencia (e.g. OXXO),no,Tienda de conveniencia (e.g. OXXO),no,Tienda de conveniencia (e.g. OXXO),no,no,No hay servicio adicional,Male,Grocery store (aka. nanostore),El león,1 Photo
70,19.071394933,-98.1671795994,2,2,5,2,80,150,21,"November 9, 2022",2022-11-09 23:12:49 UTC,Gianluca De la rosa,SRID=4326;POINT(-98.1671795994 19.071394933),Efectivo,yes,Se encontró todo,más de 10 cuadras,Transporte público,No quiere otro producto,Tienda de conveniencia (e.g. OXXO),no,Tienda de conveniencia (e.g. OXXO),no,Tienda de conveniencia (e.g. OXXO),no,Tienda de conveniencia (e.g. OXXO),no,"Banco,Tienda de conveniencia (e.g. OXXO)",no,no,No hay servicio adicional,Male,Grocery store (aka. nanostore),Lonchería Karina,1 Photo
71,19.0716620572,-98.1669918448,1,0,0,1,0,0,29,"November 9, 2022",2022-11-09 23:12:48 UTC,Gianluca De la rosa,SRID=4326;POINT(-98.1669918448 19.0716620572),Efectivo,yes,Se encontró todo,4 a 6 cuadras,A pie,No quiere otro producto,Banco,no,Banco,no,Banco,no,Banco,no,Banco,no,no,No hay servicio adicional,Female,Cafeteria,Jugueria Cristy ,1 Photo
72,19.0716069213,-98.167033419,1,2,0,5,30,30,21,"November 9, 2022",2022-11-09 23:12:48 UTC,Gianluca De la rosa,SRID=4326;POINT(-98.167033419 19.0716069213),Efectivo,yes,Se encontró todo,más de 10 cuadras,Automóvil,No quiere otro producto,CFE,no,Sistema de agua,no,Proveedor de gas,no,Fonda,no,Banco,no,yes,Variedad de alimentos ,Female,Micro-restaurant (aka. fondita),Antojitos “Las Bilingües” ,1 Photo
73,19.0716604728,-98.1669918448,2,1,0,0,50,50,50,"November 9, 2022",2022-11-09 23:12:47 UTC,Gianluca De la rosa,SRID=4326;POINT(-98.1669918448 19.0716604728),Efectivo,yes,Se encontró todo,4 a 6 cuadras,Automóvil,No quiere otro producto,Tienda de conveniencia (e.g. OXXO),no,Tienda de conveniencia (e.g. OXXO),no,Tienda de conveniencia (e.g. OXXO),no,Tienda de conveniencia (e.g. OXXO),no,Tienda de conveniencia (e.g. OXXO),no,no,No hay servicio adicional,Female,Cafeteria,Juguería Cristy,1 Photo
74,19.0578233591,-98.2224064777,1,2,4,1,50,100,38,"November 7, 2022",2022-11-09 22:59:07 UTC,Ulises Núñez Bautista,SRID=4326;POINT(-98.2224064777 19.0578233591),Efectivo,yes,Se encontró todo,4 a 6 cuadras,A pie,No quiere otro producto,Tienda de conveniencia (e.g. OXXO),no,"Sistema de agua,Supermercado",no,Proveedor de gas,no,No lo hago,yes,Tienda de conveniencia (e.g. OXXO),no,no,No hay servicio adicional,Male,Grocery store (aka. nanostore),OEM service ,1 Photo
75,19.0192516253,-98.2615284442,1,0,0,0,20,50,50,"November 9, 2022",2022-11-09 22:48:37 UTC,Oscar Morales,SRID=4326;POINT(-98.2615284442 19.0192516253),Efectivo,yes,Se encontró todo,4 a 6 cuadras,A pie,No quiere otro producto,CFE,no,Sistema de agua,no,Proveedor de gas,no,Tienda de conveniencia (e.g. OXXO),yes,No lo hago,no,no,No hay servicio adicional,Male,Micro-restaurant (aka. fondita),Buffet de tacos,1 Photo
76,19.0579346723,-98.222345439,1,2,3,0,0,50,28,"November 7, 2022",2022-11-08 14:55:09 UTC,Jorge Alberto Ostorga Flores,SRID=4326;POINT(-98.222345439 19.0579346723),Tarjeta de débito y/o crédito,yes,Se encontró todo,7 a 10 cuadras,Transporte público,No quiere otro producto,Tienda de conveniencia (e.g. OXXO),no,Tienda de conveniencia (e.g. OXXO),no,Proveedor de gas,no,No lo hago,no,Tienda de conveniencia (e.g. OXXO),no,no,No hay servicio adicional,Male,Grocery store (aka. nanostore),ValTech,1 Photo
77,19.0187882027,-98.2617088594,1,5,10,0,30,80,20,"November 7, 2022",2022-11-08 04:13:14 UTC,Danna María Mosqueda Hernández,SRID=4326;POINT(-98.2617088594 19.0187882027),Tarjeta de débito y/o crédito,yes,Se encontró todo,más de 10 cuadras,Automóvil,No quiere otro producto,No lo hago,no,No lo hago,no,No lo hago,no,Tienda de conveniencia (e.g. OXXO),no,Banco,no,no,No hay servicio adicional,Male,Cafeteria,Rey Patata,1 Photo
78,19.0192133175,-98.2625222119,3,1,5,0,50,120,25,"November 7, 2022",2022-11-08 04:13:13 UTC,Danna María Mosqueda Hernández,SRID=4326;POINT(-98.2625222119 19.0192133175),Efectivo,yes,Se encontró todo,más de 10 cuadras,Automóvil,No quiere otro producto,"CFE,Tienda de conveniencia (e.g. OXXO)",no,"Banco,Sistema de agua,Tienda de conveniencia (e.g. OXXO)",no,"Banco,Proveedor de gas",no,"Banco,Tienda de conveniencia (e.g. OXXO)",no,Tienda de conveniencia (e.g. OXXO),no,no,No hay servicio adicional,Male,Micro-restaurant (aka. fondita),Los sabores,1 Photo
79,19.0196435072,-98.2625588265,2,1,3,0,40,100,26,"November 7, 2022",2022-11-08 04:13:13 UTC,Danna María Mosqueda Hernández,SRID=4326;POINT(-98.2625588265 19.0196435072),Transferencia interbancaria,yes,Se encontró todo,4 a 6 cuadras,Bicicleta,No quiere otro producto,"CFE,Tienda de conveniencia (e.g. OXXO)",no,"Sistema de agua,Tienda de conveniencia (e.g. OXXO)",no,"Mobile app,Proveedor de gas",no,"Mobile app,Tienda de conveniencia (e.g. OXXO)",no,"Banco,Tienda de conveniencia (e.g. OXXO)",no,no,No hay servicio adicional,Male,Micro-restaurant (aka. fondita),Cemitas del carmen ,1 Photo
80,19.0200849669,-98.2624608,3,2,6,0,30,80,22,"November 7, 2022",2022-11-08 04:13:12 UTC,Danna María Mosqueda Hernández,SRID=4326;POINT(-98.2624608 19.0200849669),Efectivo,yes,Se encontró todo,más de 10 cuadras,Automóvil,No quiere otro producto,"CFE,Tienda de conveniencia (e.g. OXXO)",no,"Sistema de agua,Tienda de conveniencia (e.g. OXXO)",no,Proveedor de gas,no,"App,Tienda de conveniencia (e.g. OXXO)",no,App,no,yes,Más platillos,Female,Micro-restaurant (aka. fondita),El Brunch,1 Photo
81,19.022423871,-98.2611493421,4,0,0,5,30,50,36,"November 7, 2022",2022-11-08 04:13:11 UTC,Danna María Mosqueda Hernández,SRID=4326;POINT(-98.2611493421 19.022423871),Efectivo,yes,Se encontró todo,0 a 3 cuadras,A pie,No quiere otro producto,Tienda de conveniencia (e.g. OXXO),no,"Sistema de agua,Tienda de conveniencia (e.g. OXXO)",no,Proveedor de gas,no,"Mobile app,Tienda de conveniencia (e.g. OXXO)",no,"Banco,Tienda de conveniencia (e.g. OXXO)",no,no,No hay servicio adicional,Female,Butcher shop,Mr. Green,1 Photo
82,19.0223302274,-98.2608573122,1,2,4,0,40,90,33,"November 7, 2022",2022-11-08 04:13:11 UTC,Danna María Mosqueda Hernández,SRID=4326;POINT(-98.2608573122 19.0223302274),Transferencia interbancaria,yes,Se encontró todo,más de 10 cuadras,Automóvil,No quiere otro producto,CFE,no,Sistema de agua,no,"Proveedor de gas,Tienda de conveniencia (e.g. OXXO)",no,Tienda de conveniencia (e.g. OXXO),no,"Banco,Tienda de conveniencia (e.g. OXXO)",no,no,No hay servicio adicional,Male,Micro-restaurant (aka. fondita),El sazón de la jarochita,1 Photo
83,19.0221065143,-98.2599681058,1,1,2,5,30,50,42,"November 7, 2022",2022-11-08 04:13:10 UTC,Danna María Mosqueda Hernández,SRID=4326;POINT(-98.2599681058 19.0221065143),Tarjeta de débito y/o crédito,yes,Se encontró todo,4 a 6 cuadras,Transporte público,No quiere otro producto,"CFE,Tienda de conveniencia (e.g. OXXO)",no,Sistema de agua,no,Proveedor de gas,no,Tienda de conveniencia (e.g. OXXO),no,Tienda de conveniencia (e.g. OXXO),no,no,No hay servicio adicional,Male,Grocery store (aka. nanostore),Superlim todo en limpieza ,1 Photo
84,19.0208645258,-98.2606685814,1,3,4,0,80,120,19,"November 7, 2022",2022-11-08 04:13:09 UTC,Danna María Mosqueda Hernández,SRID=4326;POINT(-98.2606685814 19.0208645258),Efectivo,yes,Se encontró todo,más de 10 cuadras,Motocicleta,No quiere otro producto,"CFE,Mobile app",no,"Mobile app,Sistema de agua",no,Proveedor de gas,no,Mobile app,no,"Mobile app,Tienda de conveniencia (e.g. OXXO)",no,no,No hay servicio adicional,Female,Cafeteria,La nueva michoacana,1 Photo
85,19.020214174,-98.2610308473,2,0,0,5,30,50,38,"November 7, 2022",2022-11-08 04:13:09 UTC,Danna María Mosqueda Hernández,SRID=4326;POINT(-98.2610308473 19.020214174),Efectivo,yes,Se encontró todo,0 a 3 cuadras,A pie,No quiere otro producto,"Tienda de conveniencia (e.g. OXXO),Tiendita",no,"Sistema de agua,Tienda de conveniencia (e.g. OXXO)",no,Proveedor de gas,no,Tienda de conveniencia (e.g. OXXO),yes,"Banco,Tienda de conveniencia (e.g. OXXO)",no,no,No hay servicio adicional,Female,Grocery store (aka. nanostore),Alondra Desechables y materias primas,1 Photo
86,19.0194786072,-98.2613938303,5,1,0,4,25,50,57,"November 7, 2022",2022-11-08 04:13:08 UTC,Danna María Mosqueda Hernández,SRID=4326;POINT(-98.2613938303 19.0194786072),Efectivo,yes,Se encontró todo,0 a 3 cuadras,A pie,No quiere otro producto,Tienda de conveniencia (e.g. OXXO),yes,Sistema de agua,yes,Proveedor de gas,no,Tienda de conveniencia (e.g. OXXO),no,Tienda de conveniencia (e.g. OXXO),no,no,No hay servicio adicional,Female,Produce (fruits & vegetables),Súper Canasta ,1 Photo
87,19.0207468242,-98.2606917086,1,2,5,4,50,80,30,"November 7, 2022",2022-11-08 04:13:08 UTC,Danna María Mosqueda Hernández,SRID=4326;POINT(-98.2606917086 19.0207468242),Efectivo,yes,Se encontró todo,0 a 3 cuadras,A pie,No quiere otro producto,Tienda de conveniencia (e.g. OXXO),no,Sistema de agua,no,Proveedor de gas,no,Tienda de conveniencia (e.g. OXXO),no,"Banco,Tienda de conveniencia (e.g. OXXO)",no,no,No hay servicio adicional,Female,Dairy products,Estética Unisex Aislinn,1 Photo
88,19.0225102393,-98.2615531596,3,1,6,4,30,50,25,"November 5, 2022",2022-11-08 04:10:09 UTC,Danna María Mosqueda Hernández,SRID=4326;POINT(-98.2615531596 19.0225102393),Efectivo,yes,Se encontró todo,4 a 6 cuadras,Automóvil,No quiere otro producto,Tienda de conveniencia (e.g. OXXO),no,Tienda de conveniencia (e.g. OXXO),yes,Proveedor de gas,no,Tienda de conveniencia (e.g. OXXO),no,"Supermercado,Tienda de conveniencia (e.g. OXXO)",yes,no,No hay servicio adicional,Female,Butcher shop,Carnes Selectas Hermanos Flores,1 Photo
89,19.0222964781,-98.2611456999,1,6,0,8,30,50,68,"November 5, 2022",2022-11-08 04:10:09 UTC,Danna María Mosqueda Hernández,SRID=4326;POINT(-98.2611456999 19.0222964781),No realizó compras,no,"Pantalón, blusa",4 a 6 cuadras,A pie,Más variedad de productos,CFE,yes,Sistema de agua,yes,Proveedor de gas,yes,"Banco,Tienda de conveniencia (e.g. OXXO)",yes,"Banco,Tienda de conveniencia (e.g. OXXO)",no,yes,Pago de servicios,Female,Grocery store (aka. nanostore),No mame,1 Photo
90,19.022131044,-98.2605484483,4,1,3,8,30,50,44,"November 5, 2022",2022-11-08 04:10:08 UTC,Danna María Mosqueda Hernández,SRID=4326;POINT(-98.2605484483 19.022131044),Efectivo,yes,Se encontró todo,0 a 3 cuadras,A pie,No quiere otro producto,"CFE,Tienda de conveniencia (e.g. OXXO)",no,Sistema de agua,no,Proveedor de gas,no,"Tienda de conveniencia (e.g. OXXO),Tiendita",no,No lo hago,no,no,No hay servicio adicional,Female,Grocery store (aka. nanostore),Tortillería “Rosales”,1 Photo
91,19.0217736923,-98.2603235827,3,5,2,6,40,80,54,"November 5, 2022",2022-11-08 04:10:08 UTC,Danna María Mosqueda Hernández,SRID=4326;POINT(-98.2603235827 19.0217736923),Efectivo,yes,Se encontró todo,4 a 6 cuadras,A pie,No quiere otro producto,"Tienda de conveniencia (e.g. OXXO),Tiendita",no,"Tienda de conveniencia (e.g. OXXO),Tiendita",no,Mobile app ,no,Tienda de conveniencia (e.g. OXXO),no,Banco,no,no,No hay servicio adicional,Female,Produce (fruits & vegetables),Frutas y verduras “Rafa”,1 Photo
92,19.0210555913,-98.2605454513,1,5,12,0,80,150,19,"November 5, 2022",2022-11-08 04:10:07 UTC,Danna María Mosqueda Hernández,SRID=4326;POINT(-98.2605454513 19.0210555913),Efectivo,yes,Se encontró todo,más de 10 cuadras,Automóvil,No quiere otro producto,Mobile app,no,Mobile app,no,Mobile app,no,Mobile app,no,Banco,no,no,No hay servicio adicional,Male,Cafeteria,Rico Pan Casero,1 Photo
93,19.0208187793,-98.2606651265,2,4,4,2,30,75,28,"November 5, 2022",2022-11-08 04:10:07 UTC,Danna María Mosqueda Hernández,SRID=4326;POINT(-98.2606651265 19.0208187793),Efectivo,yes,Se encontró todo,4 a 6 cuadras,Bicicleta,No quiere otro producto,App,no,"Supermercado,Tienda de conveniencia (e.g. OXXO)",no,Banco,no,"Banco,Supermercado,Tienda de conveniencia (e.g. OXXO)",no,Banco,no,no,No hay servicio adicional,Male,Grocery store (aka. nanostore),La nueva Michoacana ,1 Photo
94,19.0189637053,-98.2618381108,1,2,0,3,25,60,52,"November 5, 2022",2022-11-08 04:10:06 UTC,Danna María Mosqueda Hernández,SRID=4326;POINT(-98.2618381108 19.0189637053),Efectivo,no,Clavos,0 a 3 cuadras,A pie,Más variedad de producto de ferretería ,Tienda de conveniencia (e.g. OXXO),no,Tienda de conveniencia (e.g. OXXO),no,Proveedor de gas,no,Tienda de conveniencia (e.g. OXXO),no,No lo hago,no,no,No hay servicio adicional,Male,Grocery store (aka. nanostore),Ferretería Robgas,1 Photo
95,19.0194155786,-98.2614185927,1,5,15,0,50,100,17,"November 5, 2022",2022-11-08 04:10:06 UTC,Danna María Mosqueda Hernández,SRID=4326;POINT(-98.2614185927 19.0194155786),Efectivo,yes,Se encontró todo,0 a 3 cuadras,A pie,No quiere otro producto,Tienda de conveniencia (e.g. OXXO),no,"Sistema de agua,Tienda de conveniencia (e.g. OXXO)",no,App móvil ,no,"Tienda de conveniencia (e.g. OXXO),Tiendita",yes,Bancomer app,no,no,No hay servicio adicional,Female,Grocery store (aka. nanostore),Brillosos productos de limpieza,1 Photo
96,19.0203937492,-98.2609013002,3,4,12,1,65,120,38,"November 5, 2022",2022-11-08 04:10:05 UTC,Danna María Mosqueda Hernández,SRID=4326;POINT(-98.2609013002 19.0203937492),Efectivo,yes,Se encontró todo,0 a 3 cuadras,A pie,No quiere otro producto,Tienda de conveniencia (e.g. OXXO),no,Sistema de agua,no,Proveedor de gas,no,Tiendita,yes,"Supermercado,Tienda de conveniencia (e.g. OXXO)",no,no,No hay servicio adicional,Female,Cafeteria,La Nueva Michoacana ,1 Photo
97,19.020082159,-98.261080552,1,6,10,6,50,100,22,"November 5, 2022",2022-11-08 04:10:05 UTC,Danna María Mosqueda Hernández,SRID=4326;POINT(-98.261080552 19.020082159),Tarjeta de débito y/o crédito,yes,Se encontró todo,0 a 3 cuadras,A pie,No quiere otro producto,"CFE,Other",yes,Supermercado,yes,Proveedor de gas,yes,Tienda de conveniencia (e.g. OXXO),yes,Transferencia ,yes,yes,Agua luz gas ,Female,Grocery store (aka. nanostore),Ferreterías Fénix ,1 Photo
98,19.0577741584,-98.2224561327,1,0,0,5,100,80,35,"November 7, 2022",2022-11-07 23:25:53 UTC,Ulises Núñez Bautista,SRID=4326;POINT(-98.2224561327 19.0577741584),Efectivo,no,Castillo,más de 10 cuadras,Automóvil,No quiere otro producto,Tienda de conveniencia (e.g. OXXO),no,Banco,no,Proveedor de gas,no,Tienda de conveniencia (e.g. OXXO),no,Tienda de conveniencia (e.g. OXXO),no,no,No hay servicio adicional,Male,Grocery store (aka. nanostore),Costetix,1 Photo
99,19.0598775644,-98.2279899669,1,2,7,0,0,0,30,"November 7, 2022",2022-11-07 22:57:49 UTC,Jorge Alberto Ostorga Flores,SRID=4326;POINT(-98.2279899669 19.0598775644),Tarjeta de débito y/o crédito,yes,Se encontró todo,más de 10 cuadras,A pie,No quiere otro producto,Tienda de conveniencia (e.g. OXXO),no,Sistema de agua,no,Proveedor de gas,no,No lo hago,no,No lo hago,no,no,No hay servicio adicional,Male,Dairy products,La Reina de Puebla,No hay foto
100,19.06009126,-98.2277619174,1,2,7,0,40,70,24,"November 7, 2022",2022-11-07 22:51:16 UTC,Ulises Núñez Bautista,SRID=4326;POINT(-98.2277619174 19.06009126),Tarjeta de débito y/o crédito,yes,Se encontró todo,más de 10 cuadras,A pie,No quiere otro producto,Tienda de conveniencia (e.g. OXXO),no,Sistema de agua,no,Proveedor de gas,no,Plan telefónico ,no,App,no,no,No hay servicio adicional,Male,Micro-restaurant (aka. fondita),Don asador,1 Photo
101,19.0579026417,-98.2223518282,1,0,0,0,0,0,45,"November 7, 2022",2022-11-07 22:51:15 UTC,Ulises Núñez Bautista,SRID=4326;POINT(-98.2223518282 19.0579026417),Efectivo,yes,Se encontró todo,0 a 3 cuadras,A pie,No quiere otro producto,Banco,no,Banco,no,Proveedor de gas,no,No lo hago,no,No lo hago,no,no,No hay servicio adicional,Male,Grocery store (aka. nanostore),Ferretería Ambriz,1 Photo
102,19.0599489285,-98.2277992196,1,6,5,0,0,0,18,"November 7, 2022",2022-11-07 22:41:08 UTC,Jorge Alberto Ostorga Flores,SRID=4326;POINT(-98.2277992196 19.0599489285),Tarjeta de débito y/o crédito,yes,Se encontró todo,más de 10 cuadras,Automóvil,No quiere otro producto,CFE,no,Sistema de agua,no,Proveedor de gas,no,No lo hago,no,Banco,no,no,No hay servicio adicional,Male,Micro-restaurant (aka. fondita),Don Asador,No hay foto
103,19.0599946207,-98.2278069689,1,8,4,0,0,0,22,"November 7, 2022",2022-11-07 22:41:07 UTC,Jorge Alberto Ostorga Flores,SRID=4326;POINT(-98.2278069689 19.0599946207),Tarjeta de débito y/o crédito,yes,Se encontró todo,más de 10 cuadras,Automóvil,No quiere otro producto,CFE,no,Sistema de agua,no,Proveedor de gas,no,No lo hago,no,Banco,no,no,No hay servicio adicional,Male,Micro-restaurant (aka. fondita),Don Asador,No hay foto
104,19.0600125649,-98.2279501444,1,0,0,2,50,100,45,"November 7, 2022",2022-11-07 22:41:07 UTC,Jorge Alberto Ostorga Flores,SRID=4326;POINT(-98.2279501444 19.0600125649),Efectivo,yes,Se encontró todo,más de 10 cuadras,Automóvil,No quiere otro producto,CFE,no,Supermercado,no,Proveedor de gas,no,No lo hago,no,Supermercado,no,no,No hay servicio adicional,Female,Produce (fruits & vegetables),La Reina de Puebla,1 Photo
105,19.0579616816,-98.2224507951,1,2,1,0,0,0,60,"November 7, 2022",2022-11-07 22:41:06 UTC,Jorge Alberto Ostorga Flores,SRID=4326;POINT(-98.2224507951 19.0579616816),Efectivo,yes,Se encontró todo,0 a 3 cuadras,A pie,No quiere otro producto,Supermercado,no,Supermercado,no,No lo hago,no,Tiendita,no,No lo hago,no,no,No hay servicio adicional,Female,Grocery store (aka. nanostore),Splashbit,1 Photo
106,19.0423914961,-98.2208566368,2,5,20,15,30,30,23,"November 5, 2022",2022-11-05 17:16:08 UTC,Gustavo Manzanilla,SRID=4326;POINT(-98.2208566368 19.0423914961),Tarjeta de débito y/o crédito,yes,Se encontró todo,7 a 10 cuadras,didi,No quiere otro producto,Tienda de conveniencia (e.g. OXXO),no,"Banco,Tienda de conveniencia (e.g. OXXO),teléfono",no,"Banco,Supermercado,Tienda de conveniencia (e.g. OXXO),internet",no,"Tienda de conveniencia (e.g. OXXO),Tiendita",no,"Banco,Tienda de conveniencia (e.g. OXXO)",no,yes,Envio a domicilio sin costo,Female,Micro-restaurant (aka. fondita),Alto mexico,1 Photo
107,19.0432139247,-98.2198474556,1,10,7,2,45,45,45,"November 5, 2022",2022-11-05 17:16:08 UTC,Gustavo Manzanilla,SRID=4326;POINT(-98.2198474556 19.0432139247),Tarjeta de débito y/o crédito,no,Ablandador de agujas,más de 10 cuadras,Automóvil,Articulos varios para cuando ya estas procesando los alimentos ,app,no,app,no,internet,no,No lo hago,no,"Banco,Tienda de conveniencia (e.g. OXXO)",yes,yes,Entrega a domicilio,Male,Dairy products,Dibagasa,1 Photo
108,19.0346021504,-98.2641407847,2,8,12,0,70,150,18,"November 3, 2022",2022-11-03 20:32:56 UTC,Daniel Serrano,SRID=4326;POINT(-98.2641407847 19.0346021504),Efectivo,yes,Se encontró todo,4 km,Automóvil,No quiere otro producto,No lo hago,yes,No lo hago,yes,No lo hago,yes,No lo hago,yes,No lo hago,yes,no,No hay servicio adicional,Male,Grocery store (aka. nanostore),Minisuper Rayitas,1 Photo
109,19.0350601336,-98.2666493207,1,10,0,0,50,100,20,"November 3, 2022",2022-11-03 20:20:57 UTC,Daniel Serrano,SRID=4326;POINT(-98.2666493207 19.0350601336),Efectivo,yes,Se encontró todo,30 min,Automóvil,No quiere otro producto,CFE,yes,Sistema de agua,yes,Proveedor de gas,yes,No lo hago,yes,linea,yes,yes,Los anteriores mencionados,Male,Grocery store (aka. nanostore),La universal ,1 Photo
110,19.0352236761,-98.2671002671,1,15,10,0,100,100,15,"November 3, 2022",2022-11-03 20:15:32 UTC,Daniel Serrano,SRID=4326;POINT(-98.2671002671 19.0352236761),Efectivo,yes,Se encontró todo,20 min,Automóvil,No quiere otro producto,No lo hago,no,No lo hago,no,No lo hago,no,No lo hago,no,No lo hago,no,no,No hay servicio adicional,Male,Micro-restaurant (aka. fondita),Taquería don Jorge ,1 Photo
111,19.0352804088,-98.2678556442,1,1,1,0,50,70,21,"November 3, 2022",2022-11-03 20:05:31 UTC,Daniel Serrano,SRID=4326;POINT(-98.2678556442 19.0352804088),Efectivo,yes,Se encontró todo,30 min,Transporte público,No quiere otro producto,No lo hago,no,No lo hago,no,No lo hago,no,No lo hago,no,No lo hago,no,no,No hay servicio adicional,Female,Cafeteria,La parrilla del lobo,1 Photo
112,19.0354511,-98.2678617,1,3,2,0,0,0,18,"November 3, 2022",2022-11-03 20:04:35 UTC,Fernando Gonzálezinactivo,SRID=4326;POINT(-98.2678617 19.0354511),Efectivo,yes,Se encontró todo,0 a 3 cuadras,A pie,No quiere otro producto,No lo hago,no,No lo hago,no,No lo hago,no,Tienda de conveniencia (e.g. OXXO),no,No lo hago,no,no,No hay servicio adicional,Male,Cafeteria,La Parrilla del lobo,1 Photo
113,19.0354858,-98.2678314,1,2,4,0,30,100,18,"November 3, 2022",2022-11-03 20:04:34 UTC,Fernando Gonzálezinactivo,SRID=4326;POINT(-98.2678314 19.0354858),Efectivo,yes,Se encontró todo,más de 10 cuadras,Didi,No quiere otro producto,No lo hago,no,No lo hago,no,No lo hago,no,Tienda de conveniencia (e.g. OXXO),no,No lo hago,no,no,No hay servicio adicional,Male,Cafeteria,Crudopolis,1 Photo
114,19.0353989453,-98.2679243758,1,0,3,0,150,1000,18,"November 3, 2022",2022-11-03 19:58:24 UTC,Daniel Serrano,SRID=4326;POINT(-98.2679243758 19.0353989453),Efectivo,yes,Se encontró todo,4 a 6 cuadras,Transporte público,No quiere otro producto,No lo hago,no,No lo hago,no,No lo hago,no,No lo hago,no,No lo hago,no,no,No hay servicio adicional,Male,Cafeteria,Crudopolis ,1 Photo
